,Edges,y,CN,SaI,JI,SoI,HPI,HDI,LHN1,PAI,AAI,RAI,KzI,LHN2,ACT,CBL,RWR,MFI
0,"(0, 4)",1,1,0.2672612419124244,0.07142857142857142,0.13333333333333333,1.0,0.07142857142857142,0.07142857142857142,14,0.7213475204444817,0.25,0.007565863335712894,0.01590658264138692,0.6363636363636347,0.05679650832642009,-0.042305161229669826,0.02020381535215884
6,"(0, 19)",1,1,0.1889822365046136,0.06666666666666667,0.125,0.5,0.07142857142857142,0.03571428571428571,28,0.48089834696298783,0.125,0.0136427579600695,0.008867014929967797,1.4558927114323934,-0.08140145081843521,-0.02256275265582402,0.019089016427583063
30,"(1, 17)",1,1,0.35355339059327373,0.125,0.2222222222222222,1.0,0.125,0.125,8,0.3789231816899512,0.07142857142857142,0.010781315174776382,0.029653429644471957,0.8122124701500816,-0.007925184728157906,-0.04442041929115357,0.020247300626283923
98,"(4, 10)",1,0,0.0,0.0,0.0,0.0,0.0,0.0,2,0.0,0.0,0.0011710190446697943,0.0034931908752515706,0.5250000000000011,0.12805140427451664,-0.059227225721538004,0.023236622300170918
244,"(9, 33)",1,0,0.0,0.0,0.0,0.0,0.0,0.0,15,0.0,0.0,0.004205110119013939,0.0012165602022194161,0.8043351992366125,-0.09073602740894221,-0.04211713829087144,0.012629500896594223
433,"(20, 33)",1,1,0.2581988897471611,0.06666666666666667,0.125,1.0,0.06666666666666667,0.06666666666666667,15,0.40242960438184466,0.08333333333333333,0.013175980593691287,0.016735250679983688,0.8635410708684648,0.04383099780944586,-0.04211713829087152,0.021128534091768743
471,"(25, 31)",1,1,0.31622776601683794,0.16666666666666666,0.2857142857142857,0.5,0.2,0.1,10,0.9102392266268373,0.3333333333333333,0.008077344374622897,0.022596475023965532,1.1605912500078315,0.1059387272023301,-0.027639372003384385,0.03171429188869877
476,"(26, 29)",1,1,0.5773502691896258,0.3333333333333333,0.5,1.0,0.3333333333333333,0.3333333333333333,3,0.36926937306885504,0.06666666666666667,0.00859035972105723,0.07551874866355998,0.71398483139791,0.04254714263098342,-0.05264642286358935,0.023431177364026202
0,"(0, 2)",1,4,0.3779644730092272,0.2222222222222222,0.36363636363636365,0.5,0.2857142857142857,0.03571428571428571,112,2.3816914285183284,0.7416666666666667,0.051702917721319824,0.0090991011596162,3.3833444685306278,-0.038216664708146504,-0.009651380439868993,0.025853549921385888
1,"(0, 5)",1,2,0.3086066999241838,0.13333333333333333,0.23529411764705882,0.6666666666666666,0.14285714285714285,0.047619047619047616,42,1.631586747071319,0.5833333333333333,0.018892787005940225,0.011557414929483707,1.2799999999999963,0.1747055802318607,-0.019887693027608695,0.0280083868994186
40,"(1, 30)",1,0,0.0,0.0,0.0,0.0,0.0,0.0,24,0.0,0.0,0.004386911659045531,0.000561646995892759,1.4019308276035765,-0.16826648191250226,-0.022519887693027544,0.011174633516193872
47,"(2, 8)",1,1,0.20412414523193154,0.1,0.18181818181818182,0.3333333333333333,0.125,0.041666666666666664,24,0.40242960438184466,0.08333333333333333,0.014732208120377795,0.010778170021482502,1.7445969284710077,-0.055150214674126154,-0.022519887693027676,0.01844987234182726
221,"(8, 33)",1,2,0.3086066999241838,0.13333333333333333,0.23529411764705882,0.6666666666666666,0.14285714285714285,0.047619047619047616,42,1.312668831008682,0.41666666666666663,0.027193899843327204,0.012357984834016175,2.0387740640023133,0.05281416497369318,-0.01988769302760881,0.025616444124322946
422,"(19, 33)",1,0,0.0,0.0,0.0,0.0,0.0,0.0,28,0.0,0.0,0.003977622658839858,0.00046488587068474176,1.1949507885139448,-0.23410713402887467,-0.02807674309780059,0.009039908387272819
456,"(23, 25)",1,0,0.0,0.0,0.0,0.0,0.0,0.0,8,0.0,0.0,0.002857288007086657,0.0015714803922589934,0.9555728275904655,0.024574286761905623,-0.03685072531586334,0.017599454491494505
489,"(29, 33)",1,3,0.4629100498862757,0.21428571428571427,0.35294117647058826,1.0,0.21428571428571427,0.07142857142857142,42,2.5664721657152896,0.8333333333333334,0.03395541610964505,0.017886946058923353,1.9866262818149683,0.236773823232206,-0.01988769302760888,0.03462001001491866
1,"(0, 11)",1,0,0.0,0.0,0.0,0.0,0.0,0.0,0,0.0,0.0,0.0,0.0,8.669413616484585,-1.893359892504321,0.0,0.0
2,"(0, 12)",1,1,0.2773500981126146,0.07692307692307693,0.14285714285714285,1.0,0.07692307692307693,0.07692307692307693,13,0.5581106265512472,0.16666666666666666,0.010286614148196468,0.0,0.7742503949920696,0.0089060058933749,-0.049047753437721726,0.021796034451661835
8,"(0, 21)",1,1,0.2773500981126146,0.07692307692307693,0.14285714285714285,1.0,0.07692307692307693,0.07692307692307693,13,0.45511961331341866,0.1111111111111111,0.011590370599081625,0.0,0.8197217074300864,0.0022188248521758983,-0.04904775343772229,0.02126999651306079
63,"(2, 28)",1,0,0.0,0.0,0.0,0.0,0.0,0.0,18,0.0,0.0,0.006270857335092385,0.0,1.3401534777396356,-0.08992811937991661,-0.027832653736485347,0.01575252176274727
346,"(14, 32)",1,1,0.31622776601683794,0.1,0.18181818181818182,1.0,0.1,0.1,10,0.36067376022224085,0.0625,0.01277125783667365,0.0,0.85664002474719,0.015211915288429564,-0.050098776725673054,0.021111502456320666
459,"(24, 25)",1,1,0.5,0.3333333333333333,0.5,0.5,0.5,0.25,4,0.5581106265512472,0.16666666666666666,0.007335679094639655,0.0,0.9022520999203792,0.09787748862233876,-0.04554434247788474,0.03554374168086985
478,"(26, 33)",1,1,0.25,0.0625,0.11764705882352941,1.0,0.0625,0.0625,16,0.7213475204444817,0.25,0.008827215201960783,0.0,0.7137387279624802,0.011243685335930516,-0.04839086388275265,0.020038011576775656
490,"(30, 32)",1,2,0.3651483716701107,0.18181818181818182,0.3076923076923077,0.6666666666666666,0.2,0.06666666666666667,30,0.9820086947818527,0.2625,0.023007958493902327,0.0,1.9425194347961776,-0.004314015891264913,-0.019735881740416565,0.025218601095175226
0,"(0, 3)",1,4,0.5345224838248488,0.2857142857142857,0.4444444444444444,1.0,0.2857142857142857,0.07142857142857142,56,3.0792353901996847,0.975,0.038551512039199376,0.01688066211675202,2.442723250970476,0.09261916680712731,-0.01497873784627742,0.03138035310979898
5,"(0, 17)",1,1,0.2672612419124244,0.07142857142857142,0.13333333333333333,1.0,0.07142857142857142,0.07142857142857142,14,0.48089834696298783,0.125,0.010732456446923423,0.017285187533481818,0.8013129328174982,-0.02455132199332717,-0.04992912615425909,0.01881301291852681
27,"(1, 13)",1,2,0.4082482904638631,0.2222222222222222,0.36363636363636365,0.6666666666666666,0.25,0.08333333333333333,24,0.8132176635932029,0.17142857142857143,0.023077032764858216,0.02034576684894653,1.8747200480213864,-0.017104043841477002,-0.021358570632655054,0.023940312820025556
74,"(3, 13)",1,1,0.2886751345948129,0.16666666666666666,0.2857142857142857,0.3333333333333333,0.25,0.08333333333333333,12,0.43429448190325176,0.1,0.01258984494814322,0.02081273401324413,1.464296145294567,-0.004616511316833581,-0.027183635350651922,0.023775284741176527
125,"(5, 10)",1,1,0.4082482904638631,0.25,0.4,0.5,0.3333333333333333,0.16666666666666666,6,0.3789231816899512,0.07142857142857142,0.009445741961721604,0.03964540878986854,0.9322033898305089,0.14218012202870797,-0.038833764786645734,0.031288106068576314
457,"(23, 29)",1,2,0.5773502691896258,0.4,0.5714285714285714,0.6666666666666666,0.5,0.16666666666666666,12,0.7699885152890075,0.1497326203208556,0.018978463312416607,0.03910833074430139,1.3792372369164279,0.05158761722312866,-0.02718363535065197,0.02607619501521738
485,"(28, 31)",1,1,0.35355339059327373,0.2,0.3333333333333333,0.5,0.25,0.125,8,0.35295612386476116,0.058823529411764705,0.009422643649716933,0.028932101351358683,1.1215816111119985,-0.04437399322136932,-0.03495038830798112,0.016592337389038952
490,"(31, 32)",1,1,0.15075567228888181,0.07142857142857142,0.13333333333333333,0.25,0.09090909090909091,0.022727272727272728,44,0.35295612386476116,0.058823529411764705,0.01809768996624759,0.006202056536439776,2.021585974064112,-0.048428750808883717,-0.015886540139991374,0.0185177737728729
0,"(0, 7)",1,3,0.48038446141526137,0.23076923076923078,0.375,1.0,0.23076923076923078,0.07692307692307693,39,1.4683498531780845,0.38888888888888884,0.032281797574513195,0.01843843631326795,2.0409654593993674,0.08978734061646394,-0.017685176665575703,0.030660899217758806
1,"(0, 8)",1,1,0.1386750490563073,0.0625,0.11764705882352941,0.25,0.07692307692307693,0.019230769230769232,52,0.45511961331341866,0.1111111111111111,0.016618576411971227,0.004970328905524753,2.0439502871369926,-0.17198635015695407,-0.014092875155380656,0.0165213709833029
3,"(0, 10)",1,2,0.3922322702763681,0.15384615384615385,0.26666666666666666,1.0,0.15384615384615385,0.07692307692307693,26,1.8204784532536746,0.6666666666666666,0.015561669211801262,0.017460701005025985,1.1428571428571461,0.19048863954809186,-0.024869779685965827,0.03213878697772138
47,"(2, 9)",1,0,0.0,0.0,0.0,0.0,0.0,0.0,9,0.0,0.0,0.004471584067164837,0.0021091231986680634,0.8060829959943929,-0.07408411357483659,-0.04789735346926774,0.012989039598820954
130,"(5, 16)",1,1,0.5773502691896258,0.3333333333333333,0.5,1.0,0.3333333333333333,0.3333333333333333,3,0.7213475204444817,0.25,0.00724889150173156,0.07548724458010017,0.6486486486486496,0.2699994149097963,-0.057476824163121346,0.048350395993145036
459,"(23, 32)",1,2,0.30151134457776363,0.15384615384615385,0.26666666666666666,0.5,0.18181818181818182,0.045454545454545456,44,1.0743036443092429,0.3088235294117647,0.025087798558554416,0.01126287743804601,2.1897063556757734,0.09244587675928168,-0.014695778905343522,0.026339747539716896
461,"(24, 27)",1,0,0.0,0.0,0.0,0.0,0.0,0.0,3,0.0,0.0,0.0006672734583953135,0.0012205845780322254,0.5197899578833636,0.004250984697927692,-0.05747682416312134,0.014548665074721813
465,"(24, 31)",1,1,0.4472135954999579,0.2,0.3333333333333333,1.0,0.2,0.2,5,0.9102392266268373,0.3333333333333333,0.006723404833477277,0.04458320346370722,0.6126433268811374,0.12237152362226178,-0.05172914174680921,0.03380061266835971
17,"(1, 2)",1,2,0.2886751345948129,0.16666666666666666,0.2857142857142857,0.3333333333333333,0.25,0.041666666666666664,48,0.9820086947818527,0.2625,0.027602057030161782,0.010787666739279507,2.4499055222034545,-0.044037455379497215,-0.013888888888888907,0.02265418717114227
45,"(2, 7)",1,1,0.2886751345948129,0.14285714285714285,0.25,0.5,0.16666666666666666,0.08333333333333333,12,0.36067376022224085,0.0625,0.012959832730065126,0.021239240878488854,1.246149846424536,-0.055355299724214685,-0.03174603174603166,0.01823449444616743
49,"(2, 13)",1,2,0.4082482904638631,0.25,0.4,0.5,0.3333333333333333,0.08333333333333333,24,0.9820086947818527,0.2625,0.025292990088176995,0.021215730771357622,2.0666453304290835,-0.0009792787497123394,-0.019841269841269854,0.026046834922618136
63,"(2, 27)",1,0,0.0,0.0,0.0,0.0,0.0,0.0,18,0.0,0.0,0.0049420966325794185,0.0009827040565254888,1.4508864050698258,-0.0687483523315218,-0.02380952380952385,0.014862349304907718
71,"(3, 7)",1,2,0.6324555320336759,0.4,0.5714285714285714,1.0,0.4,0.2,10,0.8415721071852287,0.1875,0.02200508410892859,0.04997831738530138,1.3175699178896725,0.08401504139241073,-0.03333333333333327,0.03188211475543188
221,"(8, 30)",1,2,0.5773502691896258,0.4,0.5714285714285714,0.6666666666666666,0.5,0.16666666666666666,12,0.7949682421254927,0.1625,0.020531624226757906,0.040424648799691175,1.6138744985535607,0.004550365657438977,-0.027777777777777724,0.02501918391816109
455,"(22, 32)",1,0,0.0,0.0,0.0,0.0,0.0,0.0,10,0.0,0.0,0.007454003507269536,0.003672299558833909,0.8458448609433854,0.008669171730107318,-0.05238095238095239,0.017966404894494623
490,"(32, 33)",1,9,0.7115124735378853,0.5294117647058824,0.6923076923076923,0.9,0.5625,0.05625,160,9.303159992182513,3.1999999999999997,0.08835460846111928,0.013602781937764895,5.48697154126492,0.27137831363770837,-0.007738095238095226,0.035932809788989245
0,"(0, 1)",1,6,0.5669467095138409,0.375,0.5454545454545454,0.75,0.42857142857142855,0.05357142857142857,112,5.593431376722275,1.8944444444444444,0.05905127077869315,0.012861499405474989,3.903202032093671,0.12357003712815602,-0.00867786315542476,0.03229865283453805
2,"(0, 13)",1,2,0.2672612419124244,0.125,0.2222222222222222,0.5,0.14285714285714285,0.03571428571428571,56,1.0764545478730305,0.3111111111111111,0.028543907287160802,0.00929204581747042,2.4632477620067372,-0.012724921289081127,-0.014200139708876871,0.024435809533168536
43,"(2, 3)",1,4,0.5962847939999439,0.4,0.5714285714285714,0.8,0.4444444444444444,0.08888888888888889,45,2.3025165695419023,0.6964285714285714,0.0400097074390932,0.02149412087647463,2.5626062842264443,0.0524248112880539,-0.013744332755258612,0.03122070308271975
95,"(4, 6)",1,1,0.4082482904638631,0.25,0.4,0.5,0.3333333333333333,0.16666666666666666,6,0.3789231816899512,0.07142857142857142,0.010145953504549271,0.04090690443761456,0.9322033898305098,0.15137491015192545,-0.03681517702301414,0.031423381122703854
346,"(14, 33)",1,1,0.2773500981126146,0.07692307692307693,0.14285714285714285,1.0,0.07692307692307693,0.07692307692307693,13,0.40242960438184466,0.08333333333333333,0.014185663150401486,0.020140816366911236,0.8437034781450776,0.008583611607291038,-0.047576536460510556,0.0197045524854936
409,"(18, 33)",1,1,0.2773500981126146,0.07692307692307693,0.14285714285714285,1.0,0.07692307692307693,0.07692307692307693,13,0.40242960438184466,0.08333333333333333,0.014185663150401486,0.020140816366911236,0.8437034781450782,0.008583611607292803,-0.04757653646051078,0.0197045524854936
455,"(22, 33)",1,1,0.2773500981126146,0.07692307692307693,0.14285714285714285,1.0,0.07692307692307693,0.07692307692307693,13,0.40242960438184466,0.08333333333333333,0.014185663150401486,0.020140816366911236,0.843703478145078,0.008583611607292168,-0.04757653646051078,0.0197045524854936
484,"(27, 33)",1,1,0.16012815380508713,0.06666666666666667,0.125,0.3333333333333333,0.07692307692307693,0.02564102564102564,39,0.6213349345596119,0.2,0.01604376170200266,0.0068375136225463495,1.8835977758688778,0.028884965428822306,-0.018124394842099312,0.022876062557291476
0,"(0, 6)",1,2,0.29814239699997197,0.125,0.2222222222222222,0.6666666666666666,0.13333333333333333,0.044444444444444446,45,1.631586747071319,0.5833333333333333,0.019014746569395755,0.01075526557640957,1.2799999999999971,0.13499967931432558,-0.018446673010760653,0.026427428346824502
30,"(1, 19)",1,1,0.2672612419124244,0.125,0.2222222222222222,0.5,0.14285714285714285,0.07142857142857142,14,0.36926937306885504,0.06666666666666667,0.013987575187561904,0.01838142959293782,1.3381269014014978,-0.044843714353491076,-0.029646438767293885,0.018922141821308545
32,"(1, 21)",1,1,0.3779644730092272,0.14285714285714285,0.25,1.0,0.14285714285714285,0.14285714285714285,7,0.36926937306885504,0.06666666666666667,0.013151031841656325,0.0366802529698456,0.8074979748909504,0.024260296919810992,-0.052704780030744636,0.021853195739060846
66,"(2, 32)",1,1,0.10540925533894598,0.05555555555555555,0.10526315789473684,0.1111111111111111,0.1,0.011111111111111112,90,0.6213349345596119,0.2,0.020231064077725316,0.0031005870991291876,2.810447192665321,-0.12004448806371196,-0.009735744089012607,0.018253418833586367
329,"(13, 33)",1,0,0.0,0.0,0.0,0.0,0.0,0.0,56,0.0,0.0,0.007270131810371624,0.0004571437571679971,1.8532029438430353,-0.21974039717593197,-0.014823219383646898,0.012151040489125232
409,"(18, 32)",1,1,0.31622776601683794,0.1,0.18181818181818182,1.0,0.1,0.1,10,0.3789231816899512,0.07142857142857142,0.014016343361985725,0.02643134361776235,0.8465882541475521,0.07236507043988265,-0.05072835077959158,0.022585775706149783
489,"(30, 33)",1,2,0.3086066999241838,0.13333333333333333,0.23529411764705882,0.6666666666666666,0.14285714285714285,0.047619047619047616,42,1.0556294164628637,0.30000000000000004,0.02463817125586655,0.01203474395070154,1.967922054881309,0.016258009681187253,-0.018666276260888508,0.02352579345897928
490,"(31, 33)",1,2,0.23904572186687872,0.11764705882352941,0.21052631578947367,0.4,0.14285714285714285,0.02857142857142857,70,1.344533708530089,0.43333333333333335,0.027046555998451263,0.007391134755139324,2.6127313862238277,0.0470801638678247,-0.012517385257301861,0.023679131715671542
15,"(0, 31)",1,0,0.0,0.0,0.0,0.0,0.0,0.0,75,0.0,0.0,0.006200791633612607,0.0002755370104172139,1.8206139757987982,-0.34057883728214267,-0.012412156612211232,0.009378666031691922
18,"(1, 3)",1,4,0.6324555320336759,0.4444444444444444,0.6153846153846154,0.8,0.5,0.1,40,2.1462463099762004,0.6166666666666667,0.04250589091117117,0.02442773461712963,2.605326762427499,0.1422035610069255,-0.015127315871132488,0.035728603472039315
219,"(8, 32)",1,3,0.5303300858899106,0.3333333333333333,0.5,0.75,0.375,0.09375,32,1.5085981262124946,0.4088235294117647,0.030358739978896824,0.022608200416867737,2.2126773884870814,0.008263410521087373,-0.017454595235922382,0.026907127306608294
361,"(15, 32)",1,1,0.35355339059327373,0.125,0.2222222222222222,1.0,0.125,0.125,8,0.35295612386476116,0.058823529411764705,0.012232646420168214,0.03172013225580602,0.8350490520229227,0.028946576170876287,-0.05236378570776697,0.020657918115520143
432,"(20, 32)",1,1,0.35355339059327373,0.125,0.2222222222222222,1.0,0.125,0.125,8,0.35295612386476116,0.058823529411764705,0.012232646420168214,0.03172013225580602,0.8350490520229227,0.028946576170875895,-0.05236378570776642,0.020657918115520143
456,"(23, 27)",1,1,0.2886751345948129,0.16666666666666666,0.2857142857142857,0.3333333333333333,0.25,0.08333333333333333,12,0.35295612386476116,0.058823529411764705,0.01128255082998208,0.020550924361014168,1.4333152506764002,0.06292398410931707,-0.027151592589212376,0.023721864154803624
488,"(29, 32)",1,2,0.4082482904638631,0.2222222222222222,0.36363636363636365,0.6666666666666666,0.25,0.08333333333333333,24,1.0743036443092429,0.3088235294117647,0.02158162009512373,0.020510154649068087,1.685172798872759,0.11819868998207018,-0.021333394177238344,0.029193506256834555
20,"(1, 7)",1,3,0.6123724356957946,0.375,0.5454545454545454,1.0,0.375,0.125,24,1.4163031766851044,0.36250000000000004,0.03033002054808604,0.029801739241210184,1.9765141412626748,0.09407123460968272,-0.01985457170852465,0.03365718457773772
72,"(3, 12)",1,1,0.4472135954999579,0.2,0.3333333333333333,1.0,0.2,0.2,5,0.36067376022224085,0.0625,0.010243586624072314,0.047715860725769645,0.777089436846957,0.0033834962352608552,-0.051982878655046215,0.021087327182734004
120,"(5, 6)",1,1,0.4082482904638631,0.25,0.4,0.5,0.3333333333333333,0.16666666666666666,6,0.36067376022224085,0.0625,0.008894280236046753,0.03907652209803971,0.8749999999999999,0.10479176287487735,-0.036099221288226485,0.02820956610339276
155,"(6, 16)",1,0,0.0,0.0,0.0,0.0,0.0,0.0,2,0.0,0.0,0.0006974513912081936,0.001838528176146322,0.4666666666666658,0.037016829945174724,-0.0649785983188077,0.014104783051696376
362,"(15, 33)",1,1,0.2672612419124244,0.07142857142857142,0.13333333333333333,1.0,0.07142857142857142,0.07142857142857142,14,0.40242960438184466,0.08333333333333333,0.012660558674060955,0.018053436709822013,0.8606807781572696,0.02732889067698123,-0.046413284513434086,0.02071972789740013
459,"(23, 33)",1,3,0.4008918628686366,0.2,0.3333333333333333,0.75,0.21428571428571427,0.05357142857142857,56,1.845124645270808,0.5833333333333333,0.02971658047430434,0.012711966054700293,2.466264552986194,0.11884775364563026,-0.013923985354030218,0.02898693355835525
486,"(28, 33)",1,1,0.1889822365046136,0.06666666666666667,0.125,0.5,0.07142857142857142,0.03571428571428571,28,0.5581106265512472,0.16666666666666666,0.012591448207351965,0.008807191762093764,1.473600842773746,-0.030658731449549,-0.02475375174049817,0.01962250684266954
222,"(9, 11)",0,0,0.0,0.0,0.0,0.0,0.0,0.0,1,0.0,0.0,0.0008629843547838342,0.0037015259698600007,0.449514748985053,-0.04723765992779642,-0.07896963429538398,0.008679614169645966
225,"(9, 14)",0,0,0.0,0.0,0.0,0.0,0.0,0.0,2,0.0,0.0,0.000995814186094862,0.0018834709571900676,0.5832516263298492,-0.05731556311042091,-0.05922722572153798,0.00906383560088361
232,"(9, 21)",0,0,0.0,0.0,0.0,0.0,0.0,0.0,2,0.0,0.0,0.001647961614531349,0.0036717866004958833,0.596630036057025,-0.03247384949374556,-0.05922722572153802,0.012995510742799067
251,"(10, 17)",0,1,0.7071067811865475,0.5,0.6666666666666666,1.0,0.5,0.5,2,0.3789231816899512,0.07142857142857142,0.007424977355988409,0.11126450117979175,0.6176470588235299,0.05176166426258309,-0.05922722572153808,0.025530275763182547
271,"(11, 15)",0,0,0.0,0.0,0.0,0.0,0.0,0.0,2,0.0,0.0,0.00043253397344154815,0.00017128672193422926,0.5644053364633704,-0.1076585191846277,-0.059227225721538004,0.005464913713639942
304,"(12, 27)",0,0,0.0,0.0,0.0,0.0,0.0,0.0,8,0.0,0.0,0.002097466673010688,0.0009551345160076481,1.014024468108819,-0.11126554200615106,-0.02961361286076903,0.010923887551582795
418,"(19, 29)",0,1,0.4082482904638631,0.25,0.4,0.5,0.3333333333333333,0.16666666666666666,6,0.36926937306885504,0.06666666666666667,0.008988276936691233,0.03780810501899505,1.0602896504566646,-0.002287198637937569,-0.03290401428974335,0.020268396020371837
426,"(20, 25)",0,0,0.0,0.0,0.0,0.0,0.0,0.0,2,0.0,0.0,0.0007413469045266771,0.0017947526875758514,0.5508929014150066,-0.014251940566283644,-0.059227225721538,0.0109844419635265
428,"(20, 27)",0,0,0.0,0.0,0.0,0.0,0.0,0.0,4,0.0,0.0,0.0024363605259822715,0.0027462695767686337,0.7076052388854278,-0.0161867656980852,-0.04935602143461501,0.013728773177680974
37,"(1, 27)",0,1,0.17677669529663687,0.09090909090909091,0.16666666666666666,0.25,0.125,0.03125,32,0.48089834696298783,0.125,0.013080224551357695,0.007930938152677947,1.6643864588723276,-0.14902918297944223,-0.018425362657931644,0.015949558575997152
43,"(1, 33)",0,1,0.0944911182523068,0.047619047619047616,0.09090909090909091,0.125,0.07142857142857142,0.008928571428571428,112,0.6213349345596119,0.2,0.019338937513134487,0.0024289752637177,2.3824747038899368,-0.2739590874273378,-0.009651380439869003,0.014117732318184997
80,"(3, 19)",0,2,0.5773502691896258,0.3333333333333333,0.5,1.0,0.3333333333333333,0.16666666666666666,12,0.859821528652939,0.19642857142857142,0.023770963416865014,0.042193777218005525,1.383676939407631,0.12651953602677488,-0.0327562002807673,0.03472723192489007
120,"(4, 32)",0,0,0.0,0.0,0.0,0.0,0.0,0.0,36,0.0,0.0,0.0027420851649199245,0.00024395077935503157,1.1317747698934941,-0.34916600284366733,-0.02047262517547963,0.0060740797116922
126,"(5, 12)",0,0,0.0,0.0,0.0,0.0,0.0,0.0,6,0.0,0.0,0.001789003714407033,0.0013846470409008733,0.7421837108614022,0.002032949354865621,-0.0409452503509596,0.013234585390972508
320,"(13, 23)",0,1,0.22360679774997896,0.125,0.2222222222222222,0.25,0.2,0.05,20,0.3789231816899512,0.07142857142857142,0.01347815867721116,0.012712576757542044,1.5828128126314258,-0.09717513695221806,-0.02211043518951802,0.016679293110361437
362,"(15, 31)",0,2,0.5773502691896258,0.3333333333333333,0.5,1.0,0.3333333333333333,0.16666666666666666,12,0.7813527860717959,0.15476190476190477,0.020336744651575794,0.040540756000026865,1.2931832136457357,0.03930084163905615,-0.03275620028076742,0.02388330153683
450,"(22, 27)",0,1,0.35355339059327373,0.2,0.3333333333333333,0.5,0.25,0.125,8,0.3789231816899512,0.07142857142857142,0.012452130957740828,0.031706279065940146,1.1836789730581527,0.05767182945196562,-0.03685072531586335,0.023389916900213432
451,"(22, 28)",0,1,0.4082482904638631,0.25,0.4,0.5,0.3333333333333333,0.16666666666666666,6,0.3789231816899512,0.07142857142857142,0.012188867889114417,0.04222962722915216,1.0945431059200807,0.040320187299293604,-0.04094525035095928,0.023507734438299434
25,"(1, 10)",0,1,0.19245008972987526,0.09090909090909091,0.16666666666666666,0.3333333333333333,0.1111111111111111,0.037037037037037035,27,0.3898712452512801,0.07692307692307693,0.013769805042104814,0.0,1.4601982892251597,-0.014606497109627465,-0.020241929990170996,0.02048221886442891
76,"(3, 15)",0,0,0.0,0.0,0.0,0.0,0.0,0.0,12,0.0,0.0,0.002786708342694407,0.0,1.1253908523798353,-0.1333839800715466,-0.030362894985256347,0.011068006306496677
267,"(11, 12)",0,0,0.0,0.0,0.0,0.0,0.0,0.0,0,0.0,0.0,0.0,0.0,0.8454493309508105,-0.2830299044192206,0.0,0.0
307,"(12, 31)",0,0,0.0,0.0,0.0,0.0,0.0,0.0,6,0.0,0.0,0.0010652395736888613,0.0,0.6502461917677822,-0.13008846041279815,-0.05313506622419885,0.007710982160919676
350,"(15, 19)",0,1,0.4082482904638631,0.25,0.4,0.5,0.3333333333333333,0.16666666666666666,6,0.36067376022224085,0.0625,0.00884780858368125,0.0,1.0575975669694178,-0.05472000516821123,-0.03795361873157061,0.017808203111181642
374,"(16, 28)",0,0,0.0,0.0,0.0,0.0,0.0,0.0,4,0.0,0.0,0.00016562085702408487,0.0,0.6300000493275992,-0.13907322898776067,-0.04554434247788473,0.004620909224089442
410,"(19, 21)",0,1,0.5773502691896258,0.3333333333333333,0.5,1.0,0.3333333333333333,0.3333333333333333,3,0.45511961331341866,0.1111111111111111,0.007802069030120499,0.0,0.704196562371638,0.02891201345795038,-0.06072578997051296,0.026515436166587122
413,"(19, 24)",0,0,0.0,0.0,0.0,0.0,0.0,0.0,6,0.0,0.0,0.0022463575082654007,0.0,0.960994481331079,-0.07801966111837205,-0.03795361873157059,0.012708065761804731
460,"(24, 26)",0,0,0.0,0.0,0.0,0.0,0.0,0.0,2,0.0,0.0,0.0002333694970516115,0.0,0.5002166654532726,-0.03598259950193161,-0.0683165137168271,0.008854704829501162
28,"(1, 14)",0,0,0.0,0.0,0.0,0.0,0.0,0.0,16,0.0,0.0,0.004344742415623678,0.000995365930301894,1.2271334519187544,-0.12909816825978634,-0.02912532358998438,0.012032421060523794
187,"(7, 21)",0,2,0.7071067811865475,0.5,0.6666666666666666,1.0,0.5,0.25,8,0.859821528652939,0.19642857142857142,0.01858432859317383,0.0590110493622011,1.2638973015285553,0.07996433799693874,-0.03495038830798134,0.03351644030516062
195,"(7, 29)",0,0,0.0,0.0,0.0,0.0,0.0,0.0,12,0.0,0.0,0.002227623809718506,0.0004011321924374822,1.1871258603445953,-0.13362397012157878,-0.027183635350651894,0.009782330438132524
201,"(8, 10)",0,1,0.31622776601683794,0.16666666666666666,0.2857142857142857,0.5,0.2,0.1,10,0.3789231816899512,0.07142857142857142,0.009654368311482267,0.023469714310647365,1.0497287044638814,-0.09237794206248849,-0.03262036242078262,0.01571248052447363
310,"(12, 33)",0,0,0.0,0.0,0.0,0.0,0.0,0.0,34,0.0,0.0,0.004372619900887988,0.0004657195592207446,1.2804929958234301,-0.20811061806713832,-0.026041465798103673,0.010469514247564721
367,"(16, 21)",0,0,0.0,0.0,0.0,0.0,0.0,0.0,4,0.0,0.0,0.001516332938864994,0.001903063939196266,0.6882800047028659,-0.008797391611171646,-0.04660051774397484,0.014014967447189674
411,"(19, 22)",0,1,0.4082482904638631,0.25,0.4,0.5,0.3333333333333333,0.16666666666666666,6,0.35295612386476116,0.058823529411764705,0.009491269180358863,0.038577282973260026,1.0578916021008298,-0.053593623436091864,-0.03883376478664569,0.01702248682521988
412,"(19, 23)",0,1,0.2886751345948129,0.16666666666666666,0.2857142857142857,0.3333333333333333,0.25,0.08333333333333333,12,0.35295612386476116,0.058823529411764705,0.010582260302068347,0.019624973717781602,1.3801227977791102,-0.08117409343758686,-0.027183635350651977,0.01598076558113351
34,"(1, 23)",0,0,0.0,0.0,0.0,0.0,0.0,0.0,36,0.0,0.0,0.004514595911038843,0.0004366710790396395,1.6705418539084607,-0.1767645326117397,-0.015566639877511997,0.012011860842561027
39,"(1, 28)",0,1,0.19245008972987526,0.09090909090909091,0.16666666666666666,0.3333333333333333,0.1111111111111111,0.037037037037037035,27,0.45511961331341866,0.1111111111111111,0.014752384039218488,0.009409980671764294,1.7855583205635934,-0.05048005185062298,-0.019158941387707035,0.020690985587644692
118,"(4, 30)",0,0,0.0,0.0,0.0,0.0,0.0,0.0,12,0.0,0.0,0.0015794075497143668,0.0003617637989475287,0.9857993907118942,-0.1846648644713105,-0.025146110571365617,0.0076313362618797296
157,"(6, 17)",0,1,0.35355339059327373,0.2,0.3333333333333333,0.5,0.25,0.125,8,0.3898712452512801,0.07692307692307693,0.009408430985416162,0.02931409092721583,0.9490727890247018,0.028238566107437777,-0.03233071359175568,0.021492835451785115
267,"(10, 33)",0,0,0.0,0.0,0.0,0.0,0.0,0.0,34,0.0,0.0,0.000509573057874846,1.0809395819145263e-05,0.8448894762677639,-0.3486997128379338,-0.024089551303661142,0.004486367027042353
281,"(11, 25)",0,0,0.0,0.0,0.0,0.0,0.0,0.0,3,0.0,0.0,0.0006395501444576526,0.0011867012446281932,0.5368118736924214,-0.12069812903662626,-0.05747682416312132,0.005673661171508411
319,"(13, 22)",0,1,0.31622776601683794,0.16666666666666666,0.2857142857142857,0.5,0.2,0.1,10,0.35295612386476116,0.058823529411764705,0.010429445383634604,0.02321756820574776,1.2003481078211236,-0.06474238202691554,-0.030175332685638705,0.016532603102465324
399,"(18, 22)",0,2,1.0,1.0,1.0,1.0,1.0,0.5,4,0.7699885152890075,0.1497326203208556,0.01640970054862331,0.11367367604316188,1.0,0.10150747436000529,-0.043107618122340985,0.034276100228003946
38,"(1, 29)",0,0,0.0,0.0,0.0,0.0,0.0,0.0,32,0.0,0.0,0.004954919121363553,0.0005398912635064182,1.5982403421672287,-0.1922878106661461,-0.017857142857142908,0.011100733908953206
181,"(7, 15)",0,0,0.0,0.0,0.0,0.0,0.0,0.0,4,0.0,0.0,0.0009624378387301653,0.00019346886301813563,0.806295849399612,-0.11644658243279082,-0.0476190476190476,0.00743099563481986
315,"(13, 17)",0,2,0.7071067811865475,0.5,0.6666666666666666,1.0,0.5,0.25,8,0.8415721071852287,0.1875,0.02067202850929858,0.0614857725067746,1.2688909577067096,0.06809815547892606,-0.0357142857142857,0.03174263676789773
334,"(14, 18)",0,2,1.0,1.0,1.0,1.0,1.0,0.5,4,0.7949682421254927,0.1625,0.01716589093920838,0.11886378499116705,1.0000000000000002,0.08924188699835398,-0.04761904761904763,0.033812552736828136
355,"(15, 23)",0,2,0.6324555320336759,0.4,0.5714285714285714,1.0,0.4,0.2,10,0.7949682421254927,0.1625,0.020035451841540097,0.04881230592118691,1.2999819427170674,0.08117744866234106,-0.03333333333333334,0.028622139833554664
392,"(17, 29)",0,0,0.0,0.0,0.0,0.0,0.0,0.0,8,0.0,0.0,0.0011235766112499446,9.962969524325209e-05,0.9638668209207617,-0.1542654016216275,-0.03571428571428571,0.0071390009565751675
402,"(18, 24)",0,0,0.0,0.0,0.0,0.0,0.0,0.0,6,0.0,0.0,0.0028307209101974314,0.00209111843958951,0.9529440870374047,0.0015295015759503692,-0.039682539682539666,0.01579397534484392
465,"(24, 32)",0,1,0.18257418583505536,0.08333333333333333,0.15384615384615385,0.3333333333333333,0.1,0.03333333333333333,30,0.5581106265512472,0.16666666666666666,0.012188889265093003,0.008367572318804492,1.6010465485367482,0.0513052812166346,-0.020634920634920666,0.022522430849851203
5,"(0, 16)",0,2,0.3779644730092272,0.14285714285714285,0.25,1.0,0.14285714285714285,0.07142857142857142,28,1.631586747071319,0.5833333333333333,0.018005280338684725,0.017100622317734956,1.1224489795918395,0.18334928204219952,-0.02524469281578133,0.03125140253081865
173,"(7, 8)",0,2,0.4472135954999579,0.2857142857142857,0.4444444444444444,0.5,0.4,0.1,20,0.8340427950033699,0.18253968253968253,0.022745875875672818,0.02461799729388442,1.8906113150821269,-0.021535652037578006,-0.019880195592427617,0.02432599995239889
258,"(10, 25)",0,0,0.0,0.0,0.0,0.0,0.0,0.0,9,0.0,0.0,0.0010037630580309073,0.00045492869124739977,0.8627797584594789,-0.16892009884921544,-0.029452141618411337,0.006129185115387225
290,"(12, 14)",0,0,0.0,0.0,0.0,0.0,0.0,0.0,2,0.0,0.0,0.0003135580885149882,0.00010566199244460941,0.5424029825863674,-0.11178246887476828,-0.06626731864142563,0.0045464191338043525
336,"(14, 22)",0,1,1.0,1.0,1.0,1.0,1.0,1.0,1,0.40242960438184466,0.08333333333333333,0.007679036377928476,0.23317858015411372,0.4999999999999998,0.07240332796704782,-0.08835642485523412,0.03010815255559255
393,"(17, 31)",0,1,0.2886751345948129,0.14285714285714285,0.25,0.5,0.16666666666666666,0.08333333333333333,12,0.3789231816899512,0.07142857142857142,0.009515175731264001,0.019565348328011007,1.1896221089278853,-0.1088049614315789,-0.029452141618411365,0.014147931159129348
459,"(23, 30)",0,2,0.4472135954999579,0.2857142857142857,0.4444444444444444,0.5,0.4,0.1,20,0.7923008496331247,0.16025641025641024,0.022614570947646837,0.024620077561925042,1.827048892711411,0.014630666485801407,-0.01988019559242767,0.02422426431439128
467,"(25, 26)",0,0,0.0,0.0,0.0,0.0,0.0,0.0,6,0.0,0.0,0.002704111511476686,0.0020400831394120143,0.9327592835083618,0.010906423425075697,-0.036815177023014185,0.017707990681313034
71,"(3, 8)",0,2,0.3651483716701107,0.2222222222222222,0.36363636363636365,0.4,0.3333333333333333,0.06666666666666667,30,0.8243889863822738,0.17777777777777776,0.027160815394414457,0.01713268058539598,2.0726582831480957,-0.017208720185158396,-0.016909450259863873,0.02468659059840929
161,"(6, 22)",0,0,0.0,0.0,0.0,0.0,0.0,0.0,6,0.0,0.0,7.370737082408116e-05,1.6100571005298077e-06,0.6275899890757615,-0.20340426364300346,-0.03843056877241785,0.0023593886209552118
183,"(7, 18)",0,0,0.0,0.0,0.0,0.0,0.0,0.0,4,0.0,0.0,0.0006092194202354206,0.00010726110798495971,0.64951669415668,-0.12766210295088545,-0.05764585315862672,0.006075520244562616
256,"(10, 23)",0,0,0.0,0.0,0.0,0.0,0.0,0.0,15,0.0,0.0,0.0007165276550381124,2.9570129455289705e-05,0.9930011029739363,-0.26130123888900236,-0.024595564014347395,0.004893123158678707
368,"(16, 22)",0,0,0.0,0.0,0.0,0.0,0.0,0.0,4,0.0,0.0,4.143941752406148e-05,1.237819701123757e-06,0.5424767453964573,-0.1872192918115113,-0.04611668252690141,0.001966157184129343
388,"(17, 26)",0,0,0.0,0.0,0.0,0.0,0.0,0.0,4,0.0,0.0,0.00032034277439031824,3.9380338088608e-05,0.7313676428063993,-0.1351786377027447,-0.046116682526901404,0.005059577335495107
410,"(19, 20)",0,1,0.5,0.3333333333333333,0.5,0.5,0.5,0.25,4,0.3789231816899512,0.07142857142857142,0.009503732413955105,0.06007356261878022,0.9142243563759119,-0.010649263294421446,-0.046116682526901404,0.02036759449970464
447,"(22, 24)",0,0,0.0,0.0,0.0,0.0,0.0,0.0,6,0.0,0.0,0.002080555170548636,0.0014126117164612482,0.9395759866975092,0.0007034981733343052,-0.03843056877241785,0.014869544473915065
54,"(2, 19)",0,2,0.3651483716701107,0.18181818181818182,0.3076923076923077,0.6666666666666666,0.2,0.06666666666666667,30,0.8501677200318429,0.19166666666666665,0.027624836309531865,0.017205240146019294,2.104967478627928,-0.0021987072470525467,-0.020169754494843543,0.025087884737386445
105,"(4, 19)",0,1,0.3333333333333333,0.2,0.3333333333333333,0.3333333333333333,0.3333333333333333,0.1111111111111111,9,0.36926937306885504,0.06666666666666667,0.010394212339495657,0.026941750456213876,1.1372630228942138,-0.015175689070283296,-0.031030391530528507,0.01960395711993174
117,"(4, 31)",0,0,0.0,0.0,0.0,0.0,0.0,0.0,15,0.0,0.0,0.0005981641130005427,2.3000729286437016e-05,0.9860206567594008,-0.25146073073483327,-0.024824313224422592,0.0045156540152590735
123,"(5, 11)",0,1,0.5,0.25,0.4,1.0,0.25,0.25,4,0.36926937306885504,0.06666666666666667,0.009018449261538716,0.05954115514535676,0.6951219512195125,0.07213003893025548,-0.05818198411974085,0.023331670705272728
136,"(5, 25)",0,0,0.0,0.0,0.0,0.0,0.0,0.0,12,0.0,0.0,0.00010358285484940985,9.399652216505963e-07,0.815303664418714,-0.2390329109700013,-0.027151592589212417,0.002803147541431372
185,"(7, 22)",0,0,0.0,0.0,0.0,0.0,0.0,0.0,8,0.0,0.0,0.00204336368407603,0.0006033737284249042,1.0369990672499922,-0.12193590241198089,-0.034909190471844466,0.010297769950114801
365,"(16, 20)",0,0,0.0,0.0,0.0,0.0,0.0,0.0,2,0.0,0.0,4.932864374211225e-05,3.223859499941372e-06,0.4668621450060467,-0.13822151478573655,-0.06981838094368897,0.0022333258741152277
383,"(17, 22)",0,0,0.0,0.0,0.0,0.0,0.0,0.0,4,0.0,0.0,0.0007646353732669071,0.00014585716077437151,0.7936916302937715,-0.11909817989018139,-0.046545587295792654,0.007376578952859007
25,"(1, 12)",0,1,0.35355339059327373,0.125,0.2222222222222222,1.0,0.125,0.125,8,0.36067376022224085,0.0625,0.011505005682888985,0.03070891892744517,0.8246019945127212,-0.0038528046812320565,-0.048733948739105845,0.020214713081725594
31,"(1, 22)",0,0,0.0,0.0,0.0,0.0,0.0,0.0,16,0.0,0.0,0.004692825632534383,0.0011813544086130819,1.2701543358780214,-0.10929329479721729,-0.027074415966169822,0.013569672272120338
97,"(4, 11)",0,1,0.5773502691896258,0.3333333333333333,0.5,1.0,0.3333333333333333,0.3333333333333333,3,0.36067376022224085,0.0625,0.008241606751073084,0.07693058680241094,0.6774193548387096,0.0495574890267086,-0.05775875406116254,0.024259168265668273
171,"(6, 32)",0,0,0.0,0.0,0.0,0.0,0.0,0.0,24,0.0,0.0,0.0031160943351494596,0.00047803815514989864,1.0777060891835204,-0.2403124875431871,-0.025269454901758553,0.007673597703382161
396,"(18, 19)",0,1,0.4082482904638631,0.25,0.4,0.5,0.3333333333333333,0.16666666666666666,6,0.3789231816899512,0.07142857142857142,0.008722962916173818,0.03802655796872738,1.0662483927039563,-0.04180876210557384,-0.036099221288226485,0.01848335526467848
405,"(18, 28)",0,0,0.0,0.0,0.0,0.0,0.0,0.0,4,0.0,0.0,0.0023151182784383003,0.002754040575093311,0.8717252845534729,-0.0374431363252245,-0.04331906554587181,0.01365142932170893
430,"(20, 29)",0,2,0.7071067811865475,0.5,0.6666666666666666,1.0,0.5,0.25,8,0.7813527860717959,0.15476190476190477,0.017134952832759093,0.057777356439709646,1.2272219864116714,0.08848951570953562,-0.03248929915940387,0.030806703295982313
488,"(29, 31)",0,2,0.4082482904638631,0.25,0.4,0.5,0.3333333333333333,0.08333333333333333,24,0.7813527860717959,0.15476190476190477,0.01887312448254324,0.019448967705203185,1.8540147473705422,0.03502905651111036,-0.018049610644113256,0.02392802275264154
